{
    "train_loss": [
        1.3883662381001591,
        1.0770650654472729,
        0.8644164805314813,
        0.7190689706314971,
        0.6194844492452515,
        0.5457244034012497,
        0.4950486042430494,
        0.456430224828054,
        0.42228275037908475,
        0.3910911476794865
    ],
    "val_loss": [
        1.1866427446127263,
        0.9134517407189613,
        0.733910901118756,
        0.6130615344314263,
        0.5174095437113617,
        0.46600341987967653,
        0.43063416869708654,
        0.38785041086019956,
        0.36039555979458077,
        0.3324606648327384
    ],
    "train_accuracy": [
        0.5522998296422488,
        0.8098807495741056,
        0.8722316865417377,
        0.8981260647359455,
        0.9093696763202725,
        0.917206132879046,
        0.9195911413969335,
        0.9243611584327087,
        0.9202725724020443,
        0.9270868824531516
    ],
    "val_accuracy": [
        0.7776261937244202,
        0.8840381991814461,
        0.9181446111869032,
        0.9290586630286494,
        0.9386084583901774,
        0.937244201909959,
        0.927694406548431,
        0.9454297407912687,
        0.9331514324693042,
        0.9399727148703957
    ],
    "precision": [
        0.783819080196509,
        0.8900861916352082,
        0.9211923953485769,
        0.9316358728531838,
        0.9405730453110899,
        0.9385545236009905,
        0.9293563696658264,
        0.9466717873951608,
        0.9349406904040563,
        0.9414131528295712
    ],
    "recall": [
        0.7776261937244202,
        0.8840381991814461,
        0.9181446111869032,
        0.9290586630286494,
        0.9386084583901774,
        0.937244201909959,
        0.927694406548431,
        0.9454297407912687,
        0.9331514324693042,
        0.9399727148703957
    ],
    "f1": [
        0.7559082043296513,
        0.8799587154051359,
        0.9175589484120777,
        0.9288823890569036,
        0.938488549666692,
        0.937018575942676,
        0.9274239861226765,
        0.945440638563191,
        0.9328488977253453,
        0.9400208287756091
    ]
}