{"train_loss": [0.22559595590360584, 0.12456596689006073, 0.07658352481033465, 0.08415863314459271, 0.032677657645302935, 0.04252350000800763, 0.04001876481556405, 0.04025531805505815, 0.03831769816138114, 0.04320094331111683], "train_acc": [93.15249751902084, 96.39431028779359, 97.75057889513728, 97.61826000661594, 98.90836916969897, 98.67681111478663, 98.61065167052597, 98.80913000330797, 98.87528944756865, 98.70989083691697], "val_loss": [0.21886982842002528, 0.08119647939809709, 0.07475276833306276, 0.08331843691177723, 0.040286038487485444, 0.0536420983828094, 0.05899620035213784, 0.04671900884064103, 0.05075143911810808, 0.12043120746894256], "val_acc": [95.81395348837209, 97.98449612403101, 97.67441860465117, 97.05426356589147, 98.91472868217055, 98.29457364341086, 98.13953488372093, 99.06976744186046, 98.29457364341086, 97.51937984496124]}