{
    "train_loss": [
        1.4086836993328633,
        1.0815991073054527,
        0.8620974581584527,
        0.7195619303268401,
        0.624758996480813,
        0.5474517992669088,
        0.49093340856328493,
        0.45447271495509,
        0.417405815049752,
        0.38966657102473673
    ],
    "val_loss": [
        1.192038858943804,
        0.912873295249991,
        0.7455457608121617,
        0.613872055136865,
        0.5415990692068511,
        0.4728820433571163,
        0.43702087374733967,
        0.3985238955521129,
        0.36784962615460076,
        0.35114471504733735
    ],
    "train_accuracy": [
        0.5453306066803,
        0.8214042263122018,
        0.8725289706884799,
        0.8953646898432175,
        0.9120654396728016,
        0.9049079754601227,
        0.9229720518064076,
        0.919904567143831,
        0.929107021131561,
        0.9267211997273347
    ],
    "val_accuracy": [
        0.8351498637602179,
        0.9032697547683923,
        0.9223433242506812,
        0.9332425068119891,
        0.9291553133514986,
        0.9291553133514986,
        0.9332425068119891,
        0.9346049046321526,
        0.9346049046321526,
        0.9359673024523161
    ],
    "precision": [
        0.843227514120269,
        0.9064475401011918,
        0.9223739918298007,
        0.9339087511457177,
        0.9291043845502482,
        0.9290952896568346,
        0.9333176899027574,
        0.9346991410231409,
        0.9348747457028481,
        0.9359785636253124
    ],
    "recall": [
        0.8351498637602179,
        0.9032697547683923,
        0.9223433242506812,
        0.9332425068119891,
        0.9291553133514986,
        0.9291553133514986,
        0.9332425068119891,
        0.9346049046321526,
        0.9346049046321526,
        0.9359673024523161
    ],
    "f1": [
        0.8332976018141839,
        0.9031890363256265,
        0.9222630381967318,
        0.9331809670873776,
        0.9290455241941266,
        0.92907328315893,
        0.9331959357097087,
        0.9345940097623276,
        0.9346313669745799,
        0.9359324716404547
    ]
}