{
    "train_loss": [
        1.4218985199034417,
        1.1055798247385447,
        0.8848831141246933,
        0.7390612393881727,
        0.6302450011600502,
        0.5631680540999509,
        0.5045635187877793,
        0.4668949090589369,
        0.4298236674001287,
        0.4047713506847478
    ],
    "val_loss": [
        1.1842902106225328,
        0.9096295167704694,
        0.7152883944784263,
        0.6029025948015155,
        0.5199276938100602,
        0.45056456627897734,
        0.40481538270734635,
        0.3653318830829225,
        0.33298296077374867,
        0.3191367050769868
    ],
    "train_accuracy": [
        0.5074982958418541,
        0.7965235173824131,
        0.8732106339468303,
        0.8950238582140423,
        0.9100204498977505,
        0.911042944785276,
        0.9178595773687799,
        0.9178595773687799,
        0.9270620313565099,
        0.9185412406271302
    ],
    "val_accuracy": [
        0.8160762942779292,
        0.9005449591280654,
        0.9318801089918256,
        0.9359673024523161,
        0.9386920980926431,
        0.9427792915531336,
        0.944141689373297,
        0.9455040871934605,
        0.944141689373297,
        0.944141689373297
    ],
    "precision": [
        0.8318021871371922,
        0.9047857660842781,
        0.9328186949100274,
        0.9373379524981577,
        0.9401266078166436,
        0.9450459399050146,
        0.9456133475741003,
        0.9466048900506677,
        0.9452269648183667,
        0.9453612006470998
    ],
    "recall": [
        0.8160762942779292,
        0.9005449591280654,
        0.9318801089918256,
        0.9359673024523161,
        0.9386920980926431,
        0.9427792915531336,
        0.944141689373297,
        0.9455040871934605,
        0.944141689373297,
        0.944141689373297
    ],
    "f1": [
        0.8057008399747375,
        0.8993421229972878,
        0.9314402925964937,
        0.9359556959058135,
        0.9388074078701873,
        0.9427368989771727,
        0.9440754138169629,
        0.9454291355101869,
        0.9440503953547303,
        0.9441438074526799
    ]
}