{
    "train_loss": [
        1.3972908036672278,
        1.0824369541018743,
        0.868382029902996,
        0.7323585421506956,
        0.6379364131662671,
        0.5540751830276476,
        0.5068008461944898,
        0.45988982280230806,
        0.4274304072536033,
        0.40089870134854033
    ],
    "val_loss": [
        1.184517353651143,
        0.8990996409243158,
        0.7079521322478051,
        0.5917597990813392,
        0.49604780632509543,
        0.44539222466831807,
        0.4074178645018829,
        0.3508596537383159,
        0.32718555230804874,
        0.3040880426093631
    ],
    "train_accuracy": [
        0.5359454855195911,
        0.796252129471891,
        0.865076660988075,
        0.8872231686541737,
        0.8998296422487223,
        0.9114139693356048,
        0.909710391822828,
        0.914480408858603,
        0.9212947189097104,
        0.9195911413969335
    ],
    "val_accuracy": [
        0.8212824010914052,
        0.903137789904502,
        0.927694406548431,
        0.937244201909959,
        0.9386084583901774,
        0.937244201909959,
        0.937244201909959,
        0.946793997271487,
        0.9495225102319236,
        0.9481582537517054
    ],
    "precision": [
        0.825802982014189,
        0.9071333254635391,
        0.928542314512264,
        0.9380050446617489,
        0.9394510134891275,
        0.9380804964034111,
        0.9375306482922244,
        0.9474544344941689,
        0.949950006526622,
        0.9485049504811323
    ],
    "recall": [
        0.8212824010914052,
        0.903137789904502,
        0.927694406548431,
        0.937244201909959,
        0.9386084583901774,
        0.937244201909959,
        0.937244201909959,
        0.946793997271487,
        0.9495225102319236,
        0.9481582537517054
    ],
    "f1": [
        0.8163409688420729,
        0.9026043160614043,
        0.9273982544558204,
        0.9369539943191795,
        0.9384539396773981,
        0.9369841481389347,
        0.9370066003847145,
        0.9467018889347131,
        0.9493304783257621,
        0.948083049800992
    ]
}