{
    "train_loss": [
        1.4146061227202984,
        1.085284088368146,
        0.8740573336497894,
        0.7247984811165906,
        0.632408575899518,
        0.5485926927070514,
        0.5052103802064039,
        0.4649589884094259,
        0.4274205312732132,
        0.40853200232243164
    ],
    "val_loss": [
        1.1989426836980461,
        0.9202954194201436,
        0.7265591100061297,
        0.6187615181022509,
        0.5420241161815477,
        0.46232022178595333,
        0.4279198669282877,
        0.37735020537792174,
        0.35926924341381083,
        0.3295272213155632
    ],
    "train_accuracy": [
        0.5241990456714383,
        0.8118609406952966,
        0.8701431492842536,
        0.8922972051806408,
        0.9086571233810498,
        0.9158145875937287,
        0.9059304703476483,
        0.9117246080436264,
        0.9185412406271302,
        0.9137695978186776
    ],
    "val_accuracy": [
        0.8024523160762943,
        0.8991825613079019,
        0.9141689373297003,
        0.9264305177111717,
        0.9223433242506812,
        0.9305177111716622,
        0.94141689373297,
        0.94141689373297,
        0.94141689373297,
        0.944141689373297
    ],
    "precision": [
        0.814083327306729,
        0.9014509120322636,
        0.9167313540620213,
        0.9266426616018043,
        0.9225338067171107,
        0.9308077110502844,
        0.941616226161939,
        0.9417807079467653,
        0.9414593208808395,
        0.9442748567115966
    ],
    "recall": [
        0.8024523160762943,
        0.8991825613079019,
        0.9141689373297003,
        0.9264305177111717,
        0.9223433242506812,
        0.9305177111716622,
        0.94141689373297,
        0.94141689373297,
        0.94141689373297,
        0.944141689373297
    ],
    "f1": [
        0.7950206197781897,
        0.8988860769504079,
        0.9141103853670811,
        0.9260194836050287,
        0.9217056227776587,
        0.9302023040442858,
        0.9410794950887783,
        0.941102893243878,
        0.9411465630820803,
        0.9438867896040439
    ]
}